<?xml version="1.0" encoding="UTF-8" standalone="yes"?>
<addon id="repository.movienightupdates" name="Movie Night Updates" version="1.0.0" provider-name="movienight">
	<extension point="xbmc.addon.repository" name="Movie Night Updates">
		<info compressed="false">https://raw.githubusercontent.com/thinkgen/movie-night-updates/master/addons.xml</info>
		<checksum>https://raw.githubusercontent.com/thinkgen/movie-night-updates/master/addons.xml.md5</checksum>
		<datadir zip="true">https://raw.githubusercontent.com/thinkgen/movie-night-updates/master/</datadir>
	</extension>
	<extension point="xbmc.addon.metadata">
		<summary>Updates for Movie Night Plug-ins</summary>
		<description></description>
		<disclaimer></disclaimer>
		<platform>all</platform>
	</extension>
</addon>
